pkSeqID,stime,proto,pkts,bytes,ltime,seq,dur,mean,stddev,sum,min,max,spkts,dpkts,sbytes,dbytes,rate,srate,drate,attack,category,subcategory
1701431,1526963701.561686,udp,2,203,1526963701.704397,225,0.142711,0.142711,0.0,0.142711,0.142711,0.142711,1,1,64,139,7.007168,0.0,0.0,0,Normal,Normal
1610651,1526895301.434711,udp,2,203,1526895301.577524,226,0.142813,0.142813,0.0,0.142813,0.142813,0.142813,1,1,64,139,7.002164,0.0,0.0,0,Normal,Normal
1555020,1526878274.483553,udp,2,176,1526878279.531425,36343,5.047872,0.0,0.0,0.0,0.0,0.0,2,0,176,0,0.198103,0.198103,0.0,0,Normal,Normal
1492355,1526876592.547194,udp,2,172,1526876595.048285,26447,2.501091,0.0,0.0,0.0,0.0,0.0,2,0,172,0,0.399826,0.399826,0.0,0,Normal,Normal
40904022,1528096368.507396,udp,4389,4270143,1528096408.340492,17910,39.833096,4.926613,0.125346,39.412903,4.615202,4.99874,2196,2193,2090186,2179957,110.159653,55.104931,55.029617,0,Normal,Normal
61745203,1528099842.253641,tcp,753,536400,1528099857.995989,10,15.742348,3.917139,1.854503,15.668555,0.705047,4.988496,753,0,536400,0,47.769241,47.769241,0.0,0,Normal,Normal
59913195,1528099706.191674,udp,1271,1220856,1528099724.065128,3119,17.873453,4.459451,0.917448,17.837805,2.870384,4.990404,1271,0,1220856,0,71.055099,71.055099,0.0,0,Normal,Normal
50304793,1528097690.572843,tcp,5600,5457375,1528097725.571603,11,34.99876,4.988946,0.002214,34.922626,4.985888,4.99248,2800,2800,2816345,2641030,159.977097,79.974258,79.974258,0,Normal,Normal
1518965,1526877108.217459,udp,2,176,1526877113.258966,53328,5.041507,0.0,0.0,0.0,0.0,0.0,2,0,176,0,0.198353,0.198353,0.0,0,Normal,Normal
454387,1526885498.43444,tcp,16545,14672587,1526886771.330507,3,1272.896118,4.934014,0.035054,1253.239624,4.905121,4.999999,16545,0,14672587,0,12.997133,12.997133,0.0,0,Normal,Normal
786635,1526902207.506716,udp,2,274,1526902208.668547,1790,1.161831,1.161831,0.0,1.161831,1.161831,1.161831,1,1,85,189,0.86071,0.0,0.0,0,Normal,Normal
1828981,1529381179.794522,udp,2,1310,1529381179.852719,691,0.058197,0.058197,0.0,0.058197,0.058197,0.058197,1,1,91,1219,17.183016,0.0,0.0,0,Normal,Normal
1716847,1526963923.350966,udp,2,176,1526963928.394256,15803,5.04329,0.0,0.0,0.0,0.0,0.0,2,0,176,0,0.198283,0.198283,0.0,0,Normal,Normal
20993159,1528085740.782416,udp,1814,1737182,1528085763.491666,714,22.709249,4.531315,0.932755,22.656574,2.665805,4.999738,1814,0,1737182,0,79.835312,79.835312,0.0,0,Normal,Normal
1828279,1526982770.533406,udp,2,176,1526982775.581464,35851,5.048058,0.0,0.0,0.0,0.0,0.0,2,0,176,0,0.198096,0.198096,0.0,0,Normal,Normal
49518367,1528097482.725397,udp,11004,10704077,1528097551.508318,68,68.782921,4.901648,0.320311,68.623062,3.746797,4.999483,5502,5502,5227929,5476148,159.967041,79.97625,79.97625,0,Normal,Normal
1479351,1526876255.003364,udp,2,340,1526876255.235475,13288,0.232111,0.232111,0.0,0.232111,0.232111,0.232111,1,1,81,259,4.308283,0.0,0.0,0,Normal,Normal
1810722,1526982121.829369,udp,2,227,1526982121.974434,18033,0.145065,0.145065,0.0,0.145065,0.145065,0.145065,1,1,76,151,6.893462,0.0,0.0,0,Normal,Normal
1683063,1526963087.275884,udp,2,176,1526963092.315864,37138,5.03998,0.0,0.0,0.0,0.0,0.0,2,0,176,0,0.198413,0.198413,0.0,0,Normal,Normal
21522776,1528085801.858468,tcp,1050,746404,1528085823.864429,6008,22.00596,4.381127,1.202287,21.905636,1.976571,4.98821,1050,0,746404,0,47.668903,47.668903,0.0,0,Normal,Normal
54932544,1528099352.340888,tcp,720,510909,1528099367.384109,3511,15.043221,3.741987,2.160438,14.967948,0.0,4.992348,720,0,510909,0,47.795612,47.795612,0.0,0,Normal,Normal
1810843,1526982195.003785,udp,2,176,1526982200.051671,18118,5.047886,0.0,0.0,0.0,0.0,0.0,2,0,176,0,0.198103,0.198103,0.0,0,Normal,Normal
798538,1526905722.384491,udp,4,1086,1526906450.759329,2101,728.374817,0.000179,1.1e-05,0.000358,0.000168,0.00019,4,0,1086,0,0.004119,0.004119,0.0,0,Normal,Normal
13960,1526345451.655925,udp,1,60,1526345451.655925,14545,0.0,0.0,0.0,0.0,0.0,0.0,1,0,60,0,0.0,0.0,0.0,0,Normal,Normal
1483942,1526876461.809855,udp,2,227,1526876461.953906,17905,0.144051,0.144051,0.0,0.144051,0.144051,0.144051,1,1,76,151,6.941986,0.0,0.0,0,Normal,Normal
53618679,1528097979.915205,tcp,1494,1400860,1528098001.103453,451,21.188248,4.227317,1.530426,21.136587,1.166474,4.9985,1494,0,1400860,0,70.463593,70.463593,0.0,0,Normal,Normal
22160253,1528085864.192587,tcp,4,295,1528085864.349127,119137,0.15654,0.15654,0.0,0.15654,0.15654,0.15654,2,2,163,132,19.164431,6.388144,6.388144,0,Normal,Normal
1483680,1526876296.247474,udp,2,176,1526876301.292649,17629,5.045175,0.0,0.0,0.0,0.0,0.0,2,0,176,0,0.198209,0.198209,0.0,0,Normal,Normal
65971962,1528100326.319795,tcp,6,3113,1528100331.327775,32174,5.00798,1.926512,1.919748,3.853024,0.006764,3.84626,3,3,2915,198,0.998407,0.399903,0.399363,0,Normal,Normal
1810750,1526982184.90698,udp,2,176,1526982189.95492,18073,5.04794,0.0,0.0,0.0,0.0,0.0,2,0,176,0,0.198101,0.198101,0.0,0,Normal,Normal
1701014,1526963506.383037,udp,2,176,1526963511.424478,55314,5.041441,0.0,0.0,0.0,0.0,0.0,2,0,176,0,0.198356,0.198356,0.0,0,Normal,Normal
5013229,1528081974.186109,tcp,42,19921,1528082032.262165,7258,58.076057,3.134949,2.106273,34.48444,0.005989,4.999155,21,21,18535,1386,0.705971,0.344412,0.344498,0,Normal,Normal
1111446,1526955173.083142,udp,2,937,1526955173.249236,4086,0.166094,0.166094,0.0,0.166094,0.166094,0.166094,1,1,91,846,6.020687,0.0,0.0,0,Normal,Normal
802924,1526908390.452208,udp,2,180,1526908390.74083,4071,0.288622,0.288622,0.0,0.288622,0.288622,0.288622,1,1,90,90,3.46474,0.0,0.0,0,Normal,Normal
1632682,1526895835.080284,udp,2,172,1526895835.087734,22535,0.00745,0.00745,0.0,0.00745,0.00745,0.00745,1,1,86,86,134.228195,0.0,0.0,0,Normal,Normal
117937,1526354187.370462,udp,2,172,1526354192.409952,15400,5.03949,0.0,0.0,0.0,0.0,0.0,2,0,172,0,0.198433,0.198433,0.0,0,Normal,Normal
1610381,1526895106.124431,udp,2,176,1526895111.169225,55857,5.044794,0.0,0.0,0.0,0.0,0.0,2,0,176,0,0.198224,0.198224,0.0,0,Normal,Normal
50735781,1528097734.05507,udp,1340,1288237,1528097750.799676,1300,16.744606,4.177146,1.407372,16.708586,1.73951,4.991891,1340,0,1288237,0,79.966049,79.966049,0.0,0,Normal,Normal
1806159,1526981918.259791,udp,2,172,1526981920.759897,13446,2.500106,0.0,0.0,0.0,0.0,0.0,2,0,172,0,0.399983,0.399983,0.0,0,Normal,Normal
1757234,1526980902.611299,udp,2,176,1526980907.659282,20229,5.047983,0.0,0.0,0.0,0.0,0.0,2,0,176,0,0.198099,0.198099,0.0,0,Normal,Normal
1628462,1526895760.666747,udp,2,176,1526895765.714647,18244,5.0479,0.0,0.0,0.0,0.0,0.0,2,0,176,0,0.198102,0.198102,0.0,0,Normal,Normal
43242674,1528096611.00082,udp,2,323,1528096611.250458,262164,0.249638,0.249638,0.0,0.249638,0.249638,0.249638,1,1,93,230,4.0058,0.0,0.0,0,Normal,Normal
1736822,1526964366.352043,udp,2,176,1526964371.394286,35946,5.042243,0.0,0.0,0.0,0.0,0.0,2,0,176,0,0.198324,0.198324,0.0,0,Normal,Normal
1470363,1526876145.0195,udp,2,340,1526876145.164128,4278,0.144628,0.144628,0.0,0.144628,0.144628,0.144628,1,1,81,259,6.91429,0.0,0.0,0,Normal,Normal
1683524,1526963282.125197,udp,2,227,1526963282.133164,37633,0.007967,0.007967,0.0,0.007967,0.007967,0.007967,1,1,76,151,125.517761,0.0,0.0,0,Normal,Normal
48751,1526349114.580421,udp,2,172,1526349117.081537,20427,2.501116,0.0,0.0,0.0,0.0,0.0,2,0,172,0,0.399822,0.399822,0.0,0,Normal,Normal
6698506,1528082328.954866,tcp,2716,1931431,1528082385.562442,81,56.607574,4.693938,0.973402,56.327259,1.46572,4.999792,2716,0,1931431,0,47.961781,47.961781,0.0,0,Normal,Normal
120480,1526354507.080802,udp,2,419,1526354507.089387,18105,0.008585,0.008585,0.0,0.008585,0.008585,0.008585,1,1,118,301,116.482231,0.0,0.0,0,Normal,Normal
1757229,1526980862.224198,udp,2,176,1526980867.272029,20210,5.047831,0.0,0.0,0.0,0.0,0.0,2,0,176,0,0.198105,0.198105,0.0,0,Normal,Normal
1610379,1526895106.118,udp,2,176,1526895111.159126,55855,5.041126,0.0,0.0,0.0,0.0,0.0,2,0,176,0,0.198368,0.198368,0.0,0,Normal,Normal
34866024,1528095721.889183,tcp,6,548,1528095731.696919,9552,9.807736,0.080987,0.066325,0.161974,0.014662,0.147312,4,2,428,120,0.509802,0.305881,0.10196,1,DDoS,TCP
34866025,1528095721.889184,tcp,6,548,1528095731.696919,9553,9.807735,0.080986,0.066324,0.161972,0.014662,0.14731,4,2,428,120,0.509802,0.305881,0.10196,1,DDoS,TCP
34866026,1528095721.889186,tcp,6,548,1528095731.69692,9554,9.807734,0.080985,0.066325,0.16197,0.01466,0.14731,4,2,428,120,0.509802,0.305881,0.10196,1,DDoS,TCP
34866027,1528095721.889187,tcp,6,548,1528095731.696921,9555,9.807734,0.080985,0.066325,0.16197,0.01466,0.14731,4,2,428,120,0.509802,0.305881,0.10196,1,DDoS,TCP
34866028,1528095721.889189,tcp,6,548,1528095731.696921,9556,9.807732,0.080984,0.066325,0.161967,0.014659,0.147308,4,2,428,120,0.509802,0.305881,0.10196,1,DDoS,TCP
34866029,1528095721.889191,tcp,6,548,1528095731.696922,9557,9.807731,0.080983,0.066325,0.161966,0.014658,0.147308,4,2,428,120,0.509802,0.305881,0.10196,1,DDoS,TCP
34866030,1528095721.889192,tcp,6,548,1528095731.696923,9558,9.807731,0.080983,0.066325,0.161966,0.014658,0.147308,4,2,428,120,0.509802,0.305881,0.10196,1,DDoS,TCP
34866031,1528095721.889194,tcp,6,548,1528095731.696923,9559,9.807729,0.080982,0.066324,0.161963,0.014657,0.147306,4,2,428,120,0.509802,0.305881,0.10196,1,DDoS,TCP
34866032,1528095721.889195,tcp,6,548,1528095731.696924,9560,9.807729,0.080982,0.066324,0.161963,0.014657,0.147306,4,2,428,120,0.509802,0.305881,0.10196,1,DDoS,TCP
34866033,1528095721.889197,tcp,6,548,1528095731.70583,9561,9.816633,0.085433,0.070778,0.170867,0.014656,0.156211,4,2,428,120,0.50934,0.305604,0.101868,1,DDoS,TCP
34866034,1528095721.889199,tcp,6,548,1528095731.70583,9562,9.816631,0.085432,0.070778,0.170863,0.014654,0.156209,4,2,428,120,0.50934,0.305604,0.101868,1,DDoS,TCP
34866035,1528095721.8892,tcp,6,548,1528095731.705831,9563,9.816631,0.085432,0.070778,0.170863,0.014654,0.156209,4,2,428,120,0.50934,0.305604,0.101868,1,DDoS,TCP
34866036,1528095721.889202,tcp,6,548,1528095731.705831,9564,9.816629,0.08543,0.070777,0.170861,0.014653,0.156208,4,2,428,120,0.50934,0.305604,0.101868,1,DDoS,TCP
34866037,1528095721.889204,tcp,6,548,1528095731.705787,9565,9.816583,0.085423,0.070824,0.170846,0.014599,0.156247,4,2,428,120,0.509342,0.305605,0.101868,1,DDoS,TCP
34866038,1528095721.889205,tcp,6,548,1528095731.705834,9566,9.816629,0.085446,0.070847,0.170891,0.014599,0.156292,4,2,428,120,0.50934,0.305604,0.101868,1,DDoS,TCP
34866039,1528095721.889206,tcp,6,548,1528095731.705835,9567,9.816629,0.085446,0.070847,0.170891,0.014599,0.156292,4,2,428,120,0.50934,0.305604,0.101868,1,DDoS,TCP
34866040,1528095721.889208,tcp,6,548,1528095731.705835,9568,9.816627,0.085444,0.070846,0.170888,0.014598,0.15629,4,2,428,120,0.50934,0.305604,0.101868,1,DDoS,TCP
34866041,1528095721.889209,tcp,6,548,1528095731.705836,9569,9.816627,0.085444,0.070846,0.170888,0.014598,0.15629,4,2,428,120,0.50934,0.305604,0.101868,1,DDoS,TCP
34866042,1528095721.889211,tcp,6,548,1528095731.705837,9570,9.816626,0.085443,0.070847,0.170886,0.014596,0.15629,4,2,428,120,0.50934,0.305604,0.101868,1,DDoS,TCP
34866043,1528095721.889239,tcp,6,548,1528095731.705832,9571,9.816593,0.085412,0.070795,0.170824,0.014617,0.156207,4,2,428,120,0.509342,0.305605,0.101868,1,DDoS,TCP
34866044,1528095721.88924,tcp,6,548,1528095731.705833,9572,9.816593,0.085412,0.070795,0.170824,0.014617,0.156207,4,2,428,120,0.509342,0.305605,0.101868,1,DDoS,TCP
34866045,1528095721.889242,tcp,6,548,1528095731.70592,9573,9.816678,0.085454,0.070839,0.170908,0.014615,0.156293,4,2,428,120,0.509337,0.305602,0.101867,1,DDoS,TCP
34866046,1528095721.889243,tcp,6,548,1528095731.705921,9574,9.816678,0.085454,0.070839,0.170907,0.014615,0.156292,4,2,428,120,0.509337,0.305602,0.101867,1,DDoS,TCP
34866047,1528095721.889245,tcp,6,548,1528095731.705922,9575,9.816677,0.085453,0.070839,0.170906,0.014614,0.156292,4,2,428,120,0.509337,0.305602,0.101867,1,DDoS,TCP
34866048,1528095721.890429,tcp,6,548,1528095731.22487,9576,9.334441,0.115268,0.105078,0.230536,0.01019,0.220346,4,2,428,120,0.535651,0.32139,0.10713,1,DDoS,TCP
34866049,1528095721.890432,tcp,6,548,1528095731.224871,9577,9.334439,0.116709,0.103636,0.233418,0.013073,0.220345,4,2,428,120,0.535651,0.32139,0.10713,1,DDoS,TCP
34866050,1528095721.890434,tcp,6,548,1528095731.224872,9578,9.334438,0.11671,0.103636,0.233419,0.013074,0.220345,4,2,428,120,0.535651,0.321391,0.10713,1,DDoS,TCP
34866051,1528095721.890435,tcp,6,548,1528095731.224873,9579,9.334438,0.116709,0.103635,0.233418,0.013074,0.220344,4,2,428,120,0.535651,0.321391,0.10713,1,DDoS,TCP
34866052,1528095721.890437,tcp,6,548,1528095731.224874,9580,9.334437,0.116708,0.103635,0.233416,0.013073,0.220343,4,2,428,120,0.535651,0.321391,0.10713,1,DDoS,TCP
34866053,1528095721.890439,tcp,6,548,1528095731.224875,9581,9.334436,0.116707,0.103635,0.233414,0.013072,0.220342,4,2,428,120,0.535651,0.321391,0.10713,1,DDoS,TCP
34866054,1528095721.89044,tcp,6,548,1528095731.224876,9582,9.334436,0.116707,0.103635,0.233414,0.013072,0.220342,4,2,428,120,0.535651,0.321391,0.10713,1,DDoS,TCP
34866055,1528095721.890443,tcp,6,548,1528095731.224877,9583,9.334434,0.116705,0.103635,0.233411,0.01307,0.220341,4,2,428,120,0.535651,0.321391,0.10713,1,DDoS,TCP
34866056,1528095721.890444,tcp,6,548,1528095731.224878,9584,9.334434,0.116705,0.103635,0.23341,0.01307,0.22034,4,2,428,120,0.535651,0.321391,0.10713,1,DDoS,TCP
34866057,1528095721.890445,tcp,6,548,1528095731.224878,9585,9.334433,0.116704,0.103634,0.233408,0.01307,0.220338,4,2,428,120,0.535651,0.321391,0.10713,1,DDoS,TCP
34866058,1528095721.890447,tcp,6,548,1528095731.224879,9586,9.334432,0.116704,0.103634,0.233407,0.013069,0.220338,4,2,428,120,0.535651,0.321391,0.10713,1,DDoS,TCP
34866059,1528095721.890448,tcp,6,548,1528095731.22488,9587,9.334432,0.116704,0.103634,0.233407,0.013069,0.220338,4,2,428,120,0.535651,0.321391,0.10713,1,DDoS,TCP
34866060,1528095721.89045,tcp,6,548,1528095731.224882,9588,9.334432,0.116704,0.103635,0.233407,0.013068,0.220339,4,2,428,120,0.535651,0.321391,0.10713,1,DDoS,TCP
34866061,1528095721.890451,tcp,6,548,1528095731.224882,9589,9.334431,0.116702,0.103635,0.233404,0.013067,0.220337,4,2,428,120,0.535651,0.321391,0.10713,1,DDoS,TCP
34866062,1528095721.890452,tcp,6,548,1528095731.224883,9590,9.334431,0.116702,0.103635,0.233404,0.013067,0.220337,4,2,428,120,0.535651,0.321391,0.10713,1,DDoS,TCP
34866063,1528095721.890454,tcp,6,548,1528095731.224884,9591,9.33443,0.116701,0.103635,0.233402,0.013066,0.220336,4,2,428,120,0.535651,0.321391,0.10713,1,DDoS,TCP
34866064,1528095721.890455,tcp,6,548,1528095731.224885,9592,9.33443,0.116701,0.103635,0.233402,0.013066,0.220336,4,2,428,120,0.535651,0.321391,0.10713,1,DDoS,TCP
34866065,1528095721.890457,tcp,6,548,1528095731.224886,9593,9.334429,0.1167,0.103635,0.2334,0.013065,0.220335,4,2,428,120,0.535651,0.321391,0.10713,1,DDoS,TCP
34866066,1528095721.890458,tcp,6,548,1528095731.224887,9594,9.334429,0.1167,0.103635,0.2334,0.013065,0.220335,4,2,428,120,0.535651,0.321391,0.10713,1,DDoS,TCP
34866067,1528095721.890459,tcp,6,548,1528095731.224888,9595,9.334429,0.116699,0.103634,0.233399,0.013065,0.220334,4,2,428,120,0.535651,0.321391,0.10713,1,DDoS,TCP
34866068,1528095721.890461,tcp,6,548,1528095731.245415,9596,9.354954,0.126961,0.113899,0.253923,0.013063,0.24086,4,2,428,120,0.534476,0.320686,0.106895,1,DDoS,TCP
34866069,1528095721.890462,tcp,6,548,1528095731.245416,9597,9.354954,0.126961,0.113898,0.253922,0.013063,0.240859,4,2,428,120,0.534476,0.320686,0.106895,1,DDoS,TCP
34866070,1528095721.890463,tcp,6,548,1528095731.245417,9598,9.354954,0.126919,0.113856,0.253838,0.013063,0.240775,4,2,428,120,0.534476,0.320686,0.106895,1,DDoS,TCP
34866071,1528095721.890465,tcp,6,548,1528095731.245418,9599,9.354953,0.126918,0.113857,0.253837,0.013062,0.240775,4,2,428,120,0.534476,0.320686,0.106895,1,DDoS,TCP
34866072,1528095721.890467,tcp,6,548,1528095731.245419,9600,9.354952,0.126918,0.113857,0.253836,0.013061,0.240775,4,2,428,120,0.534476,0.320686,0.106895,1,DDoS,TCP
34866073,1528095721.890469,tcp,6,548,1528095731.245419,9601,9.35495,0.126916,0.113857,0.253833,0.01306,0.240773,4,2,428,120,0.534476,0.320686,0.106895,1,DDoS,TCP
34866074,1528095721.890471,tcp,6,548,1528095731.24542,9602,9.354949,0.126916,0.113857,0.253832,0.013059,0.240773,4,2,428,120,0.534476,0.320686,0.106895,1,DDoS,TCP
34866075,1528095721.890472,tcp,6,548,1528095731.245421,9603,9.354949,0.126915,0.113857,0.25383,0.013058,0.240772,4,2,428,120,0.534476,0.320686,0.106895,1,DDoS,TCP
34866076,1528095721.890474,tcp,6,548,1528095731.245422,9604,9.354948,0.126915,0.113857,0.253829,0.013057,0.240772,4,2,428,120,0.534477,0.320686,0.106895,1,DDoS,TCP
34866077,1528095721.890475,tcp,6,548,1528095731.245423,9605,9.354948,0.126914,0.113857,0.253828,0.013057,0.240771,4,2,428,120,0.534477,0.320686,0.106895,1,DDoS,TCP
34866078,1528095721.890476,tcp,6,548,1528095731.245424,9606,9.354948,0.126914,0.113857,0.253828,0.013057,0.240771,4,2,428,120,0.534477,0.320686,0.106895,1,DDoS,TCP
34866079,1528095721.890478,tcp,6,548,1528095731.245424,9607,9.354946,0.126913,0.113856,0.253825,0.013056,0.240769,4,2,428,120,0.534477,0.320686,0.106895,1,DDoS,TCP
34866080,1528095721.890479,tcp,6,548,1528095731.245425,9608,9.354946,0.126912,0.113856,0.253824,0.013056,0.240768,4,2,428,120,0.534477,0.320686,0.106895,1,DDoS,TCP
34866081,1528095721.890481,tcp,6,548,1528095731.245426,9609,9.354945,0.126912,0.113856,0.253823,0.013055,0.240768,4,2,428,120,0.534477,0.320686,0.106895,1,DDoS,TCP
34866082,1528095721.890483,tcp,6,548,1528095731.245427,9610,9.354944,0.126911,0.113857,0.253822,0.013054,0.240768,4,2,428,120,0.534477,0.320686,0.106895,1,DDoS,TCP
34866083,1528095721.890484,tcp,6,548,1528095731.245427,9611,9.354943,0.12691,0.113856,0.25382,0.013054,0.240766,4,2,428,120,0.534477,0.320686,0.106895,1,DDoS,TCP
34866084,1528095721.890486,tcp,6,548,1528095731.245428,9612,9.354942,0.126909,0.113856,0.253818,0.013053,0.240765,4,2,428,120,0.534477,0.320686,0.106895,1,DDoS,TCP
34866085,1528095721.890487,tcp,6,548,1528095731.245429,9613,9.354942,0.126909,0.113856,0.253818,0.013053,0.240765,4,2,428,120,0.534477,0.320686,0.106895,1,DDoS,TCP
34866086,1528095721.890489,tcp,6,548,1528095731.24543,9614,9.354941,0.126908,0.113857,0.253817,0.013052,0.240765,4,2,428,120,0.534477,0.320686,0.106895,1,DDoS,TCP
34866087,1528095721.89049,tcp,6,548,1528095731.245431,9615,9.354941,0.126908,0.113856,0.253816,0.013052,0.240764,4,2,428,120,0.534477,0.320686,0.106895,1,DDoS,TCP
34866088,1528095721.890492,tcp,4,428,1528095731.004668,9616,9.114176,0.006526,0.006526,0.013051,0.0,0.013051,3,1,368,60,0.329158,0.219438,0.0,1,DDoS,TCP
34866089,1528095721.890493,tcp,4,428,1528095731.00467,9617,9.114177,0.006526,0.006526,0.013051,0.0,0.013051,3,1,368,60,0.329158,0.219438,0.0,1,DDoS,TCP
34866090,1528095721.890495,tcp,4,428,1528095731.004671,9618,9.114176,0.006524,0.006524,0.013049,0.0,0.013049,3,1,368,60,0.329158,0.219438,0.0,1,DDoS,TCP
34866091,1528095721.890496,tcp,4,428,1528095731.004673,9619,9.114177,0.006524,0.006524,0.013049,0.0,0.013049,3,1,368,60,0.329158,0.219438,0.0,1,DDoS,TCP
34866092,1528095721.890497,tcp,4,428,1528095731.004675,9620,9.114178,0.006524,0.006524,0.013049,0.0,0.013049,3,1,368,60,0.329158,0.219438,0.0,1,DDoS,TCP
34866093,1528095721.890499,tcp,4,428,1528095731.004677,9621,9.114178,0.006524,0.006524,0.013048,0.0,0.013048,3,1,368,60,0.329158,0.219438,0.0,1,DDoS,TCP
34866094,1528095721.8905,tcp,4,428,1528095731.004678,9622,9.114178,0.006524,0.006524,0.013048,0.0,0.013048,3,1,368,60,0.329158,0.219438,0.0,1,DDoS,TCP
34866095,1528095721.890502,tcp,4,428,1528095731.004679,9623,9.114177,0.006524,0.006524,0.013047,0.0,0.013047,3,1,368,60,0.329158,0.219438,0.0,1,DDoS,TCP
34866096,1528095721.890503,tcp,4,428,1528095731.004681,9624,9.114178,0.006524,0.006524,0.013047,0.0,0.013047,3,1,368,60,0.329158,0.219438,0.0,1,DDoS,TCP
34866097,1528095721.890505,tcp,4,428,1528095731.004682,9625,9.114177,0.006522,0.006522,0.013045,0.0,0.013045,3,1,368,60,0.329158,0.219438,0.0,1,DDoS,TCP
34866098,1528095721.890506,tcp,4,428,1528095731.004684,9626,9.114178,0.006522,0.006522,0.013045,0.0,0.013045,3,1,368,60,0.329158,0.219438,0.0,1,DDoS,TCP
34866099,1528095721.890508,tcp,4,428,1528095731.004686,9627,9.114178,0.006522,0.006522,0.013044,0.0,0.013044,3,1,368,60,0.329158,0.219438,0.0,1,DDoS,TCP
34866100,1528095721.890509,tcp,4,428,1528095731.004687,9628,9.114178,0.006522,0.006522,0.013044,0.0,0.013044,3,1,368,60,0.329158,0.219438,0.0,1,DDoS,TCP
34866101,1528095721.890513,tcp,4,428,1528095731.004689,9629,9.114176,0.00652,0.00652,0.013041,0.0,0.013041,3,1,368,60,0.329158,0.219438,0.0,1,DDoS,TCP
34866102,1528095721.890514,tcp,4,428,1528095731.022482,9630,9.131968,0.00652,0.00652,0.013041,0.0,0.013041,3,1,368,60,0.328516,0.219011,0.0,1,DDoS,TCP
34866103,1528095721.890515,tcp,4,428,1528095731.022488,9631,9.131973,0.00652,0.00652,0.013041,0.0,0.013041,3,1,368,60,0.328516,0.219011,0.0,1,DDoS,TCP
1101122,1526950966.284818,arp,4,240,1526952163.285983,1604,1197.001221,1.3e-05,3e-06,2.5e-05,9e-06,1.6e-05,2,2,120,120,0.002506,0.000835,0.000835,0,Normal,Normal
137994,1526355520.695197,udp,2,176,1526355525.736255,13391,5.041058,0.0,0.0,0.0,0.0,0.0,2,0,176,0,0.198371,0.198371,0.0,0,Normal,Normal
41327,1526348504.474962,udp,2,172,1526348504.482394,12718,0.007432,0.007432,0.0,0.007432,0.007432,0.007432,1,1,86,86,134.553284,0.0,0.0,0,Normal,Normal
1775094,1526981281.158556,udp,2,203,1526981281.166646,38288,0.00809,0.00809,0.0,0.00809,0.00809,0.00809,1,1,64,139,123.609398,0.0,0.0,0,Normal,Normal
784827,1526901269.623183,arp,2,120,1526901269.62325,5165,6.7e-05,6.7e-05,0.0,6.7e-05,6.7e-05,6.7e-05,1,1,60,60,14925.373047,0.0,0.0,0,Normal,Normal
90456,1526351590.7832,udp,2,1251,1526351590.93938,26868,0.15618,0.15618,0.0,0.15618,0.15618,0.15618,1,1,70,1181,6.402869,0.0,0.0,0,Normal,Normal
784590,1526901210.806455,tcp,121,110092,1526901210.902709,4916,0.096254,0.096254,0.0,0.096254,0.096254,0.096254,42,79,4214,105878,1246.701416,425.956329,810.355957,0,Normal,Normal
1810715,1526982121.410401,udp,2,203,1526982121.556821,18026,0.14642,0.14642,0.0,0.14642,0.14642,0.14642,1,1,64,139,6.829668,0.0,0.0,0,Normal,Normal
1734601,1526964345.326643,udp,2,176,1526964350.37268,33756,5.046037,0.0,0.0,0.0,0.0,0.0,2,0,176,0,0.198175,0.198175,0.0,0,Normal,Normal
118600,1526354328.908067,udp,2,172,1526354333.947295,16092,5.039228,0.0,0.0,0.0,0.0,0.0,2,0,172,0,0.198443,0.198443,0.0,0,Normal,Normal
450616,1526884162.050213,arp,6,360,1526884951.304439,1651,789.254211,0.000159,6.4e-05,0.000477,7.2e-05,0.000224,3,3,180,180,0.006335,0.002534,0.002534,0,Normal,Normal
1436115,1526967562.457415,udp,1,60,1526967562.457415,292378,0.0,0.0,0.0,0.0,0.0,0.0,1,0,60,0,0.0,0.0,0.0,0,Normal,Normal
473436,1526890664.941133,udp,50200,50760832,1526891860.367621,1,1195.426514,4.957165,0.008232,1184.762329,4.907711,4.999999,25100,25100,25597383,25163449,41.992542,20.995853,20.995853,0,Normal,Normal
1692241,1526963420.079936,udp,2,172,1526963420.087114,46483,0.007178,0.007178,0.0,0.007178,0.007178,0.007178,1,1,86,86,139.314575,0.0,0.0,0,Normal,Normal
1828727,1529381038.147634,udp,2,134,1529381038.254474,426,0.10684,0.10684,0.0,0.10684,0.10684,0.10684,2,0,134,0,9.359791,9.359791,0.0,0,Normal,Normal
24821,1526346080.252158,arp,4,240,1526346181.116464,599,100.864304,7.9e-05,1.8e-05,0.000157,6.1e-05,9.6e-05,2,2,120,120,0.029743,0.009914,0.009914,0,Normal,Normal
1701491,1526963776.61318,udp,2,172,1526963779.114242,327,2.501062,0.0,0.0,0.0,0.0,0.0,2,0,172,0,0.39983,0.39983,0.0,0,Normal,Normal
53618679,1528097979.915205,tcp,1494,1400860,1528098001.103453,451,21.188248,4.227317,1.530426,21.136587,1.166474,4.9985,1494,0,1400860,0,70.463593,70.463593,0.0,0,Normal,Normal
9254276,1528082859.009064,tcp,4999,4677531,1528082921.537734,293,62.528671,4.798027,0.677973,62.374344,2.449478,4.999187,4999,0,4677531,0,79.931335,79.931335,0.0,0,Normal,Normal
1852092,1528089322.351544,tcp,146629,142892419,1528090711.842371,23,1389.490845,4.972013,0.171668,914.850403,3.291658,4.998456,73315,73314,69150667,73741752,105.526421,52.76321,52.762493,0,Normal,Normal
1683060,1526963087.264311,udp,2,176,1526963092.305788,37134,5.041477,0.0,0.0,0.0,0.0,0.0,2,0,176,0,0.198355,0.198355,0.0,0,Normal,Normal
1743646,1526980550.346406,udp,2,172,1526980552.846539,6582,2.500133,0.0,0.0,0.0,0.0,0.0,2,0,172,0,0.399979,0.399979,0.0,0,Normal,Normal
800051,1526906952.122462,udp,36241,33894936,1526908678.249778,3,1726.127319,4.956701,0.032073,1710.06189,4.425512,4.999992,36241,0,33894936,0,20.994974,20.994974,0.0,0,Normal,Normal
1111446,1526955173.083142,udp,2,937,1526955173.249236,4086,0.166094,0.166094,0.0,0.166094,0.166094,0.166094,1,1,91,846,6.020687,0.0,0.0,0,Normal,Normal
1829584,1529381616.788034,udp,2,891,1529381616.982869,525,0.194835,0.194835,0.0,0.194835,0.194835,0.194835,1,1,85,806,5.132548,0.0,0.0,0,Normal,Normal
1716847,1526963923.350966,udp,2,176,1526963928.394256,15803,5.04329,0.0,0.0,0.0,0.0,0.0,2,0,176,0,0.198283,0.198283,0.0,0,Normal,Normal
460534,1526887220.658139,udp,20662,1239720,1526888942.747016,4,1722.088867,4.919028,0.15041,1692.145752,2.20555,4.999993,20662,0,1239720,0,11.997639,11.997639,0.0,0,Normal,Normal
467990,1526889450.588909,ipv6-icmp,1,70,1526889450.588909,2169,0.0,0.0,0.0,0.0,0.0,0.0,1,0,70,0,0.0,0.0,0.0,0,Normal,Normal
17847477,1528085377.24749,tcp,3851,3754374,1528085401.372506,720,24.125015,4.815622,0.360839,24.07811,4.093947,4.998725,1926,1925,1818451,1935923,159.585388,79.792694,79.751244,0,Normal,Normal
1575384,1526894523.159252,udp,2,203,1526894523.302541,20453,0.143289,0.143289,0.0,0.143289,0.143289,0.143289,1,1,64,139,6.978903,0.0,0.0,0,Normal,Normal
1102217,1526951330.567967,udp,1,250,1526951330.567967,2768,0.0,0.0,0.0,0.0,0.0,0.0,1,0,250,0,0.0,0.0,0.0,0,Normal,Normal
15225339,1528085046.828526,udp,2635,2524007,1528085081.309981,218,34.481457,4.915426,0.187924,34.407982,4.455138,4.993872,2635,0,2524007,0,76.388885,76.388885,0.0,0,Normal,Normal
1701011,1526963506.371582,udp,2,176,1526963511.414372,55311,5.04279,0.0,0.0,0.0,0.0,0.0,2,0,176,0,0.198303,0.198303,0.0,0,Normal,Normal
1111104,1526955075.934738,udp,2,957,1526955076.107279,3727,0.172541,0.172541,0.0,0.172541,0.172541,0.172541,1,1,92,865,5.795723,0.0,0.0,0,Normal,Normal
1701456,1526963762.94017,udp,2,203,1526963763.083377,264,0.143207,0.143207,0.0,0.143207,0.143207,0.143207,1,1,64,139,6.982899,0.0,0.0,0,Normal,Normal
1628019,1526895528.440047,udp,2,176,1526895533.488091,17775,5.048044,0.0,0.0,0.0,0.0,0.0,2,0,176,0,0.198097,0.198097,0.0,0,Normal,Normal
70224812,1528101340.173916,udp,430,25800,1528101350.158727,350,9.984811,4.981251,0.001657,9.962502,4.980643,4.981859,430,0,25800,0,42.96526,42.96526,0.0,0,Normal,Normal
1615746,1526895416.94196,udp,2,172,1526895416.948823,5412,0.006863,0.006863,0.0,0.006863,0.006863,0.006863,1,1,86,86,145.708878,0.0,0.0,0,Normal,Normal
1783550,1526981404.034688,udp,2,340,1526981404.296866,46853,0.262178,0.262178,0.0,0.262178,0.262178,0.262178,1,1,81,259,3.814203,0.0,0.0,0,Normal,Normal
1792753,1526981508.389161,udp,2,176,1526981513.427821,56107,5.03866,0.0,0.0,0.0,0.0,0.0,2,0,176,0,0.198465,0.198465,0.0,0,Normal,Normal
35398033,1528095763.467679,tcp,430,421239,1528095778.695782,17246,15.228103,3.689418,2.058162,14.757672,0.131445,4.985891,214,216,219251,201988,28.171598,13.987297,14.118633,0,Normal,Normal
17586070,1528085336.920667,udp,1579,94740,1528085377.235121,1477,40.314453,4.753302,0.486679,38.026417,3.529022,4.999813,1579,0,94740,0,39.142288,39.142288,0.0,0,Normal,Normal
58600508,1528099605.691399,tcp,369,263443,1528099615.688621,1231,9.997222,4.988108,0.003127,9.976215,4.984621,4.991594,369,0,263443,0,36.810226,36.810226,0.0,0,Normal,Normal
108659,1526353858.931489,tcp,32,6345,1526353871.235807,6032,12.304318,2.396369,2.22369,4.792738,0.172679,4.620059,19,13,2770,3575,2.519441,1.462901,0.975267,0,Normal,Normal
137204,1526355480.1463,udp,2,176,1526355485.18746,12337,5.04116,0.0,0.0,0.0,0.0,0.0,2,0,176,0,0.198367,0.198367,0.0,0,Normal,Normal
136978,1526355476.814169,udp,2,176,1526355481.855519,10777,5.04135,0.0,0.0,0.0,0.0,0.0,2,0,176,0,0.19836,0.19836,0.0,0,Normal,Normal
1125743,1526960864.899549,udp,2,1301,1526960864.957365,153,0.057816,0.057816,0.0,0.057816,0.057816,0.057816,1,1,85,1216,17.296251,0.0,0.0,0,Normal,Normal
1737111,1526964854.347332,udp,2,176,1526964859.395284,36395,5.047952,0.0,0.0,0.0,0.0,0.0,2,0,176,0,0.1981,0.1981,0.0,0,Normal,Normal
118639,1526354337.88557,udp,2,176,1526354342.933619,16139,5.048049,0.0,0.0,0.0,0.0,0.0,2,0,176,0,0.198096,0.198096,0.0,0,Normal,Normal
1701420,1526963701.09761,udp,2,227,1526963701.242455,214,0.144845,0.144845,0.0,0.144845,0.144845,0.144845,1,1,76,151,6.903932,0.0,0.0,0,Normal,Normal
54414263,1528099321.805914,udp,14,840,1528099337.313755,9556,15.507841,4.339427,0.464211,13.018281,3.993441,4.995595,14,0,840,0,0.838286,0.838286,0.0,1,DDoS,UDP
54414264,1528099321.805915,udp,14,840,1528099337.313756,9557,15.507841,4.339427,0.464214,13.018281,3.993442,4.995595,14,0,840,0,0.838286,0.838286,0.0,1,DDoS,UDP
54414265,1528099321.805916,udp,14,840,1528099337.313756,9558,15.50784,4.339427,0.464208,13.018281,3.993441,4.995595,14,0,840,0,0.838286,0.838286,0.0,1,DDoS,UDP
54414266,1528099321.805916,udp,14,840,1528099337.313757,9559,15.507841,4.339427,0.464214,13.018281,3.993442,4.995595,14,0,840,0,0.838286,0.838286,0.0,1,DDoS,UDP
54414267,1528099321.805917,udp,14,840,1528099337.313757,9560,15.50784,4.339427,0.464212,13.018281,3.993441,4.995596,14,0,840,0,0.838286,0.838286,0.0,1,DDoS,UDP
54414268,1528099321.805917,udp,14,840,1528099337.313758,9561,15.507841,4.339427,0.464214,13.018281,3.993442,4.995595,14,0,840,0,0.838286,0.838286,0.0,1,DDoS,UDP
54414269,1528099321.805918,udp,14,840,1528099337.313758,9562,15.50784,4.339427,0.464212,13.018281,3.993441,4.995596,14,0,840,0,0.838286,0.838286,0.0,1,DDoS,UDP
54414270,1528099321.805919,udp,14,840,1528099337.313759,9563,15.50784,4.339427,0.464212,13.018281,3.993442,4.995596,14,0,840,0,0.838286,0.838286,0.0,1,DDoS,UDP
54414271,1528099321.805919,udp,14,840,1528099337.313759,9564,15.50784,4.339427,0.464212,13.018281,3.993441,4.995596,14,0,840,0,0.838286,0.838286,0.0,1,DDoS,UDP
54414272,1528099321.80592,udp,14,840,1528099337.313759,9565,15.507839,4.339427,0.464209,13.018281,3.993441,4.995596,14,0,840,0,0.838286,0.838286,0.0,1,DDoS,UDP
54414273,1528099321.805921,udp,14,840,1528099337.31376,9566,15.507839,4.339427,0.464209,13.018281,3.993441,4.995596,14,0,840,0,0.838286,0.838286,0.0,1,DDoS,UDP
54414274,1528099321.805921,udp,14,840,1528099337.31376,9567,15.507839,4.339427,0.464212,13.018281,3.993441,4.995597,14,0,840,0,0.838286,0.838286,0.0,1,DDoS,UDP
54414275,1528099321.805922,udp,14,840,1528099337.313761,9568,15.507839,4.339427,0.464209,13.018281,3.993441,4.995596,14,0,840,0,0.838286,0.838286,0.0,1,DDoS,UDP
54414276,1528099321.805923,udp,14,840,1528099337.313761,9569,15.507838,4.339427,0.46421,13.018281,3.993441,4.995597,14,0,840,0,0.838286,0.838286,0.0,1,DDoS,UDP
54414277,1528099321.805923,udp,14,840,1528099337.313762,9570,15.507839,4.339427,0.464209,13.018281,3.993441,4.995596,14,0,840,0,0.838286,0.838286,0.0,1,DDoS,UDP
54414278,1528099321.805924,udp,14,840,1528099337.313762,9571,15.507838,4.339427,0.46421,13.018281,3.993441,4.995597,14,0,840,0,0.838286,0.838286,0.0,1,DDoS,UDP
54414279,1528099321.805925,udp,14,840,1528099337.313763,9572,15.507838,4.339427,0.464213,13.01828,3.993442,4.995596,14,0,840,0,0.838286,0.838286,0.0,1,DDoS,UDP
54414280,1528099321.805925,udp,14,840,1528099337.313763,9573,15.507838,4.339427,0.46421,13.018281,3.993441,4.995597,14,0,840,0,0.838286,0.838286,0.0,1,DDoS,UDP
54414281,1528099321.805926,udp,14,840,1528099337.313764,9574,15.507838,4.339427,0.464213,13.01828,3.993442,4.995596,14,0,840,0,0.838286,0.838286,0.0,1,DDoS,UDP
54414282,1528099321.805927,udp,14,840,1528099337.313764,9575,15.507837,4.339426,0.464216,13.018278,3.993441,4.995597,14,0,840,0,0.838286,0.838286,0.0,1,DDoS,UDP
54414283,1528099321.805928,udp,14,840,1528099337.313764,9576,15.507836,4.339426,0.464212,13.018278,3.993441,4.995596,14,0,840,0,0.838286,0.838286,0.0,1,DDoS,UDP
54414284,1528099321.805928,udp,14,840,1528099337.313765,9577,15.507837,4.339426,0.464212,13.018278,3.993441,4.995596,14,0,840,0,0.838286,0.838286,0.0,1,DDoS,UDP
54414285,1528099321.805929,udp,14,840,1528099337.313765,9578,15.507836,4.339426,0.464212,13.018278,3.993441,4.995596,14,0,840,0,0.838286,0.838286,0.0,1,DDoS,UDP
54414286,1528099321.80593,udp,14,840,1528099337.313766,9579,15.507836,4.339426,0.464212,13.018278,3.993442,4.995596,14,0,840,0,0.838286,0.838286,0.0,1,DDoS,UDP
54414287,1528099321.80593,udp,14,840,1528099337.313766,9580,15.507836,4.339426,0.464212,13.018278,3.993441,4.995596,14,0,840,0,0.838286,0.838286,0.0,1,DDoS,UDP
54414288,1528099321.805931,udp,14,840,1528099337.313767,9581,15.507836,4.339426,0.464209,13.018278,3.993442,4.995595,14,0,840,0,0.838286,0.838286,0.0,1,DDoS,UDP
54414289,1528099321.805932,udp,14,840,1528099337.313767,9582,15.507835,4.339426,0.464211,13.018276,3.993441,4.995596,14,0,840,0,0.838286,0.838286,0.0,1,DDoS,UDP
54414290,1528099321.805933,udp,14,840,1528099337.313768,9583,15.507835,4.339425,0.464215,13.018275,3.993442,4.995595,14,0,840,0,0.838286,0.838286,0.0,1,DDoS,UDP
54414291,1528099321.805933,udp,14,840,1528099337.313768,9584,15.507835,4.339426,0.464211,13.018276,3.993441,4.995596,14,0,840,0,0.838286,0.838286,0.0,1,DDoS,UDP
54414292,1528099321.805934,udp,14,840,1528099337.313769,9585,15.507835,4.339425,0.464215,13.018275,3.993442,4.995595,14,0,840,0,0.838286,0.838286,0.0,1,DDoS,UDP
54414293,1528099321.805935,udp,14,840,1528099337.313769,9586,15.507834,4.339425,0.464216,13.018275,3.993442,4.995596,14,0,840,0,0.838286,0.838286,0.0,1,DDoS,UDP
54414294,1528099321.805935,udp,14,840,1528099337.31377,9587,15.507835,4.339425,0.464216,13.018275,3.993442,4.995596,14,0,840,0,0.838286,0.838286,0.0,1,DDoS,UDP
54414295,1528099321.805936,udp,14,840,1528099337.31377,9588,15.507834,4.339425,0.464216,13.018275,3.993442,4.995596,14,0,840,0,0.838286,0.838286,0.0,1,DDoS,UDP
54414296,1528099321.805937,udp,14,840,1528099337.31377,9589,15.507833,4.339425,0.464212,13.018275,3.993441,4.995597,14,0,840,0,0.838286,0.838286,0.0,1,DDoS,UDP
54414297,1528099321.805938,udp,14,840,1528099337.313771,9590,15.507833,4.339425,0.464213,13.018274,3.993441,4.995596,14,0,840,0,0.838286,0.838286,0.0,1,DDoS,UDP
54414298,1528099321.805938,udp,14,840,1528099337.313771,9591,15.507833,4.339425,0.464213,13.018274,3.993441,4.995596,14,0,840,0,0.838286,0.838286,0.0,1,DDoS,UDP
54414299,1528099321.805939,udp,14,840,1528099337.313772,9592,15.507833,4.339425,0.464213,13.018274,3.993441,4.995596,14,0,840,0,0.838286,0.838286,0.0,1,DDoS,UDP
54414300,1528099321.80594,udp,14,840,1528099337.313772,9593,15.507832,4.339425,0.464214,13.018274,3.993441,4.995597,14,0,840,0,0.838286,0.838286,0.0,1,DDoS,UDP
54414301,1528099321.80594,udp,14,840,1528099337.313773,9594,15.507833,4.339424,0.464215,13.018272,3.993441,4.995596,14,0,840,0,0.838286,0.838286,0.0,1,DDoS,UDP
54414302,1528099321.805941,udp,14,840,1528099337.313773,9595,15.507832,4.339425,0.464214,13.018274,3.993441,4.995597,14,0,840,0,0.838286,0.838286,0.0,1,DDoS,UDP
54414303,1528099321.805942,udp,14,840,1528099337.313774,9596,15.507832,4.339424,0.464212,13.018272,3.993441,4.995596,14,0,840,0,0.838286,0.838286,0.0,1,DDoS,UDP
54414304,1528099321.805942,udp,14,840,1528099337.313774,9597,15.507832,4.339425,0.464214,13.018274,3.993441,4.995597,14,0,840,0,0.838286,0.838286,0.0,1,DDoS,UDP
54414305,1528099321.805943,udp,14,840,1528099337.313775,9598,15.507832,4.339424,0.464212,13.018272,3.993441,4.995596,14,0,840,0,0.838286,0.838286,0.0,1,DDoS,UDP
54414306,1528099321.805944,udp,14,840,1528099337.313775,9599,15.507831,4.339424,0.464216,13.018272,3.993441,4.995597,14,0,840,0,0.838286,0.838286,0.0,1,DDoS,UDP
54414307,1528099321.806857,udp,14,840,1528099337.313775,9600,15.506918,4.339119,0.464417,13.017359,3.99344,4.995596,14,0,840,0,0.838336,0.838336,0.0,1,DDoS,UDP
54414308,1528099321.806858,udp,14,840,1528099337.313776,9601,15.506918,4.33912,0.464419,13.01736,3.993441,4.995597,14,0,840,0,0.838336,0.838336,0.0,1,DDoS,UDP
54414309,1528099321.806859,udp,14,840,1528099337.313776,9602,15.506917,4.33912,0.464416,13.01736,3.993441,4.995596,14,0,840,0,0.838336,0.838336,0.0,1,DDoS,UDP
54414310,1528099321.806859,udp,14,840,1528099337.313777,9603,15.506918,4.33912,0.464419,13.01736,3.993441,4.995597,14,0,840,0,0.838336,0.838336,0.0,1,DDoS,UDP
54414311,1528099321.80686,udp,14,840,1528099337.313777,9604,15.506917,4.339119,0.46442,13.017357,3.993441,4.995596,14,0,840,0,0.838336,0.838336,0.0,1,DDoS,UDP
54414312,1528099321.806861,udp,14,840,1528099337.314563,9605,15.507702,4.339381,0.464223,13.018144,3.994226,4.995597,14,0,840,0,0.838293,0.838293,0.0,1,DDoS,UDP
54414313,1528099321.806861,udp,14,840,1528099337.314565,9606,15.507704,4.339381,0.464225,13.018144,3.994228,4.995596,14,0,840,0,0.838293,0.838293,0.0,1,DDoS,UDP
54414314,1528099321.806862,udp,14,840,1528099337.314565,9607,15.507703,4.339382,0.46422,13.018147,3.994228,4.995597,14,0,840,0,0.838293,0.838293,0.0,1,DDoS,UDP
54414315,1528099321.806863,udp,14,840,1528099337.314566,9608,15.507703,4.339381,0.464223,13.018144,3.994228,4.995596,14,0,840,0,0.838293,0.838293,0.0,1,DDoS,UDP
54414316,1528099321.806863,udp,14,840,1528099337.314566,9609,15.507703,4.339381,0.464222,13.018144,3.994228,4.995595,14,0,840,0,0.838293,0.838293,0.0,1,DDoS,UDP
54414317,1528099321.806864,udp,14,840,1528099337.314567,9610,15.507703,4.339381,0.464223,13.018144,3.994228,4.995596,14,0,840,0,0.838293,0.838293,0.0,1,DDoS,UDP
54414318,1528099321.806865,udp,14,840,1528099337.314567,9611,15.507702,4.339381,0.464224,13.018143,3.994228,4.995596,14,0,840,0,0.838293,0.838293,0.0,1,DDoS,UDP
54414319,1528099321.806866,udp,14,840,1528099337.314568,9612,15.507702,4.339381,0.464224,13.018143,3.994228,4.995596,14,0,840,0,0.838293,0.838293,0.0,1,DDoS,UDP
54414320,1528099321.806867,udp,14,840,1528099337.314568,9613,15.507701,4.339381,0.464225,13.018143,3.994228,4.995597,14,0,840,0,0.838293,0.838293,0.0,1,DDoS,UDP
54414321,1528099321.806867,udp,14,840,1528099337.314569,9614,15.507702,4.339381,0.464223,13.018144,3.994229,4.995596,14,0,840,0,0.838293,0.838293,0.0,1,DDoS,UDP
54414322,1528099321.806868,udp,14,840,1528099337.314569,9615,15.507701,4.339381,0.464225,13.018143,3.994228,4.995597,14,0,840,0,0.838293,0.838293,0.0,1,DDoS,UDP
54414323,1528099321.806869,udp,14,840,1528099337.31457,9616,15.507701,4.339381,0.464225,13.018143,3.994228,4.995597,14,0,840,0,0.838293,0.838293,0.0,1,DDoS,UDP
54414324,1528099321.806869,udp,14,840,1528099337.314571,9617,15.507702,4.339381,0.464224,13.018144,3.994229,4.995597,14,0,840,0,0.838293,0.838293,0.0,1,DDoS,UDP
54414325,1528099321.80687,udp,14,840,1528099337.314571,9618,15.507701,4.339381,0.464222,13.018143,3.994228,4.995597,14,0,840,0,0.838293,0.838293,0.0,1,DDoS,UDP
54414326,1528099321.806871,udp,14,840,1528099337.314572,9619,15.507701,4.339381,0.464221,13.018144,3.994229,4.995597,14,0,840,0,0.838293,0.838293,0.0,1,DDoS,UDP
54414327,1528099321.806871,udp,14,840,1528099337.314572,9620,15.507701,4.339381,0.464226,13.018143,3.994228,4.995598,14,0,840,0,0.838293,0.838293,0.0,1,DDoS,UDP
54414328,1528099321.806872,udp,14,840,1528099337.314573,9621,15.507701,4.339381,0.464221,13.018144,3.994229,4.995597,14,0,840,0,0.838293,0.838293,0.0,1,DDoS,UDP
54414329,1528099321.806873,udp,14,840,1528099337.314573,9622,15.5077,4.339381,0.464223,13.018143,3.994228,4.995598,14,0,840,0,0.838293,0.838293,0.0,1,DDoS,UDP
54414330,1528099321.806873,udp,14,840,1528099337.314574,9623,15.507701,4.339381,0.464221,13.018144,3.994229,4.995597,14,0,840,0,0.838293,0.838293,0.0,1,DDoS,UDP
54414331,1528099321.806874,udp,14,840,1528099337.314574,9624,15.5077,4.339381,0.464223,13.018143,3.994228,4.995598,14,0,840,0,0.838293,0.838293,0.0,1,DDoS,UDP
54414332,1528099321.806875,udp,14,840,1528099337.314575,9625,15.5077,4.33938,0.464227,13.018141,3.994229,4.995597,14,0,840,0,0.838293,0.838293,0.0,1,DDoS,UDP
54414333,1528099321.806875,udp,14,840,1528099337.314575,9626,15.5077,4.339381,0.464222,13.018144,3.994229,4.995598,14,0,840,0,0.838293,0.838293,0.0,1,DDoS,UDP
54414334,1528099321.806876,udp,14,840,1528099337.314575,9627,15.507699,4.33938,0.464224,13.018141,3.994228,4.995597,14,0,840,0,0.838293,0.838293,0.0,1,DDoS,UDP
54414335,1528099321.806877,udp,14,840,1528099337.314576,9628,15.507699,4.339381,0.464222,13.018144,3.994229,4.995598,14,0,840,0,0.838293,0.838293,0.0,1,DDoS,UDP
54414336,1528099321.806878,udp,14,840,1528099337.314576,9629,15.507698,4.33938,0.464225,13.018141,3.994228,4.995598,14,0,840,0,0.838293,0.838293,0.0,1,DDoS,UDP
54414337,1528099321.806878,udp,14,840,1528099337.314577,9630,15.507699,4.33938,0.464228,13.018141,3.994229,4.995598,14,0,840,0,0.838293,0.838293,0.0,1,DDoS,UDP
54414338,1528099321.806879,udp,14,840,1528099337.314577,9631,15.507698,4.33938,0.464225,13.018141,3.994228,4.995598,14,0,840,0,0.838293,0.838293,0.0,1,DDoS,UDP
54414339,1528099321.80688,udp,14,840,1528099337.314578,9632,15.507698,4.33938,0.464225,13.018141,3.994229,4.995598,14,0,840,0,0.838293,0.838293,0.0,1,DDoS,UDP
54414340,1528099321.806881,udp,14,840,1528099337.314578,9633,15.507697,4.33938,0.464226,13.018139,3.994229,4.995597,14,0,840,0,0.838293,0.838293,0.0,1,DDoS,UDP
54414341,1528099321.806881,udp,14,840,1528099337.314579,9634,15.507698,4.33938,0.464225,13.018141,3.994229,4.995598,14,0,840,0,0.838293,0.838293,0.0,1,DDoS,UDP
54414342,1528099321.806882,udp,14,840,1528099337.314579,9635,15.507697,4.33938,0.464226,13.018139,3.994229,4.995597,14,0,840,0,0.838293,0.838293,0.0,1,DDoS,UDP
12662489,1528083557.137367,tcp,9672,9426000,1528083618.741395,419,61.604027,4.630398,1.012726,60.195171,1.219065,4.999198,4836,4836,4864007,4561993,156.986496,78.48513,78.48513,0,Normal,Normal
7747312,1528082566.786302,udp,2606,156360,1528082627.423876,245,60.637573,4.638059,1.208786,60.294762,0.4508,4.998896,2606,0,156360,0,42.960163,42.960163,0.0,0,Normal,Normal
779486,1526899762.029605,udp,2,1209,1526899762.044774,280291,0.015169,0.015169,0.0,0.015169,0.015169,0.015169,1,1,70,1139,65.92392,0.0,0.0,0,Normal,Normal
1501639,1526876901.317062,udp,2,176,1526876906.364904,35839,5.047842,0.0,0.0,0.0,0.0,0.0,2,0,176,0,0.198104,0.198104,0.0,0,Normal,Normal
788126,1526902578.107801,udp,2,180,1526902578.124263,3357,0.016462,0.016462,0.0,0.016462,0.016462,0.016462,1,1,90,90,60.74596,0.0,0.0,0,Normal,Normal
149126,1526879741.149844,udp,2,172,1526879743.649921,8153,2.500077,0.0,0.0,0.0,0.0,0.0,2,0,172,0,0.399988,0.399988,0.0,0,Normal,Normal
1647950,1526962513.035583,udp,2,340,1526962513.179805,1783,0.144222,0.144222,0.0,0.144222,0.144222,0.144222,1,1,81,259,6.933754,0.0,0.0,0,Normal,Normal
1739402,1526980503.364938,udp,2,227,1526980503.509503,2320,0.144565,0.144565,0.0,0.144565,0.144565,0.144565,1,1,76,151,6.917304,0.0,0.0,0,Normal,Normal
1683509,1526963208.520433,udp,2,176,1526963213.5685,37601,5.048067,0.0,0.0,0.0,0.0,0.0,2,0,176,0,0.198096,0.198096,0.0,0,Normal,Normal
1732277,1526964288.90342,udp,2,176,1526964293.951517,31358,5.048097,0.0,0.0,0.0,0.0,0.0,2,0,176,0,0.198094,0.198094,0.0,0,Normal,Normal
56765255,1528099476.360491,tcp,1253,1175441,1528099494.244575,1099,17.884085,4.461547,0.92468,17.846189,2.859971,4.99901,1253,0,1175441,0,70.006378,70.006378,0.0,0,Normal,Normal
1537294,1526877668.675497,udp,2,176,1526877673.723392,18362,5.047895,0.0,0.0,0.0,0.0,0.0,2,0,176,0,0.198102,0.198102,0.0,0,Normal,Normal
1588179,1526894619.728386,udp,2,176,1526894624.776573,33370,5.048187,0.0,0.0,0.0,0.0,0.0,2,0,176,0,0.198091,0.198091,0.0,0,Normal,Normal
54142881,1528098023.948252,udp,1041,997255,1528098039.634857,333,15.686605,4.324599,0.765067,12.973797,3.252815,4.988758,1041,0,997255,0,66.298599,66.298599,0.0,0,Normal,Normal
1641617,1526895932.312582,udp,2,176,1526895937.360305,31538,5.047723,0.0,0.0,0.0,0.0,0.0,2,0,176,0,0.198109,0.198109,0.0,0,Normal,Normal
1687754,1526963390.559374,udp,2,172,1526963393.060485,41956,2.501111,0.0,0.0,0.0,0.0,0.0,2,0,172,0,0.399822,0.399822,0.0,0,Normal,Normal
1793133,1526981763.193299,udp,2,203,1526981763.201207,272,0.007908,0.007908,0.0,0.007908,0.007908,0.007908,1,1,64,139,126.454231,0.0,0.0,0,Normal,Normal
1099164,1526949657.492486,udp,2,180,1526949657.515111,279599,0.022625,0.022625,0.0,0.022625,0.022625,0.022625,1,1,90,90,44.198898,0.0,0.0,0,Normal,Normal
138062,1526355555.071806,udp,2,176,1526355560.115902,13546,5.044096,0.0,0.0,0.0,0.0,0.0,2,0,176,0,0.198252,0.198252,0.0,0,Normal,Normal
1719327,1526964121.479238,udp,2,227,1526964121.624015,18311,0.144777,0.144777,0.0,0.144777,0.144777,0.144777,1,1,76,151,6.907175,0.0,0.0,0,Normal,Normal
58511617,1528099591.081838,tcp,12,5270,1528099603.950659,174498,12.868821,2.130909,1.038604,6.392726,0.662101,2.865766,6,6,4874,396,0.854779,0.388536,0.388536,0,Normal,Normal
94457,1526351825.493207,udp,2,470,1526351825.503123,3846,0.009916,0.009916,0.0,0.009916,0.009916,0.009916,1,1,92,378,100.847115,0.0,0.0,0,Normal,Normal
45676406,1528096849.954876,tcp,18,8411,1528096869.965362,74290,20.010487,2.24027,1.11728,11.201348,0.005715,2.803159,9,9,7817,594,0.849555,0.399905,0.39979,0,Normal,Normal
1610559,1526895161.946687,udp,2,172,1526895166.99441,85,5.047723,0.0,0.0,0.0,0.0,0.0,2,0,172,0,0.198109,0.198109,0.0,0,Normal,Normal
1501241,1526876697.26976,udp,2,172,1526876702.318254,35402,5.048494,0.0,0.0,0.0,0.0,0.0,2,0,172,0,0.198079,0.198079,0.0,0,Normal,Normal
31953797,1528087047.248426,tcp,2400,2338875,1528087062.249482,966,15.001056,4.993196,0.000962,14.979588,4.991741,4.996059,1200,1200,1207005,1131870,159.922073,79.927711,79.927711,0,Normal,Normal
1483684,1526876297.117291,udp,2,176,1526876302.16076,17632,5.043469,0.0,0.0,0.0,0.0,0.0,2,0,176,0,0.198276,0.198276,0.0,0,Normal,Normal
1797243,1526981808.636307,udp,2,172,1526981811.137309,4448,2.501002,0.0,0.0,0.0,0.0,0.0,2,0,172,0,0.39984,0.39984,0.0,0,Normal,Normal
96161,1526352070.671524,udp,2,408,1526352070.890966,5623,0.219442,0.219442,0.0,0.219442,0.219442,0.219442,1,1,95,313,4.557013,0.0,0.0,0,Normal,Normal
20207226,1528085640.021211,udp,1671,100260,1528085678.907496,1275,38.886284,4.838981,0.371454,38.711845,3.856239,4.984314,1671,0,100260,0,42.945732,42.945732,0.0,0,Normal,Normal
1536958,1526877535.273655,udp,2,176,1526877540.314253,17986,5.040598,0.0,0.0,0.0,0.0,0.0,2,0,176,0,0.198389,0.198389,0.0,0,Normal,Normal
1808232,1526981922.11184,udp,2,176,1526981927.154952,15520,5.043112,0.0,0.0,0.0,0.0,0.0,2,0,176,0,0.19829,0.19829,0.0,0,Normal,Normal
1111492,1526955174.386301,udp,2,482,1526955174.62962,4132,0.243319,0.243319,0.0,0.243319,0.243319,0.243319,1,1,92,390,4.109831,0.0,0.0,0,Normal,Normal
1555106,1526878950.96989,udp,2,176,1526878956.017843,56,5.047953,0.0,0.0,0.0,0.0,0.0,2,0,176,0,0.1981,0.1981,0.0,0,Normal,Normal
1593070,1526894881.690586,udp,2,203,1526894881.833454,38352,0.142868,0.142868,0.0,0.142868,0.142868,0.142868,1,1,64,139,6.999468,0.0,0.0,0,Normal,Normal
1736754,1526964358.324781,udp,2,176,1526964363.367316,35896,5.042535,0.0,0.0,0.0,0.0,0.0,2,0,176,0,0.198313,0.198313,0.0,0,Normal,Normal
34856479,1528095663.567527,tcp,1724,510304,1528095738.499858,7,74.932327,4.92702,0.104802,73.905304,4.575456,4.99783,1724,0,510304,0,22.994081,22.994081,0.0,0,Normal,Normal
4472708,1528081825.487257,udp,2,283,1528081825.49474,253267,0.007483,0.007483,0.0,0.007483,0.007483,0.007483,1,1,99,184,133.636246,0.0,0.0,0,Normal,Normal
121619,1526354630.693619,udp,2,176,1526354635.741586,19279,5.047967,0.0,0.0,0.0,0.0,0.0,2,0,176,0,0.1981,0.1981,0.0,0,Normal,Normal
1829046,1529381208.824963,udp,2,337,1529381209.058638,757,0.233675,0.233675,0.0,0.233675,0.233675,0.233675,1,1,100,237,4.279448,0.0,0.0,0,Normal,Normal
1646191,1526896538.124305,udp,2,176,1526896543.172105,36279,5.0478,0.0,0.0,0.0,0.0,0.0,2,0,176,0,0.198106,0.198106,0.0,0,Normal,Normal
23876691,1528086070.613434,udp,2103,2045686,1528086085.609638,430,14.996204,4.990457,0.001054,14.97137,4.988978,4.991363,1051,1052,998655,1047031,140.168808,70.017715,70.084404,0,Normal,Normal
65677842,1528100279.80615,tcp,7193,7010395,1528100325.692071,219,45.885921,4.577578,1.238098,45.77578,0.863289,4.997561,3595,3598,3617193,3393202,156.736526,78.324677,78.39006,0,Normal,Normal
17511,1526345492.523029,udp,2,172,1526345492.530016,18127,0.006987,0.006987,0.0,0.006987,0.006987,0.006987,1,1,86,86,143.12294,0.0,0.0,0,Normal,Normal
94331,1526351817.915984,udp,2,936,1526351818.082166,3718,0.166182,0.166182,0.0,0.166182,0.166182,0.166182,1,1,91,845,6.017499,0.0,0.0,0,Normal,Normal
1509992,1526877002.285296,udp,2,176,1526877007.333163,44266,5.047867,0.0,0.0,0.0,0.0,0.0,2,0,176,0,0.198103,0.198103,0.0,0,Normal,Normal
35643600,1528095778.708651,tcp,2586,2517170,1528095825.077653,658,46.369003,4.588407,1.164269,45.884064,1.096066,4.994603,1288,1298,1294150,1223020,55.748447,27.755611,27.971272,0,Normal,Normal
1834251,1528088639.244686,udp,2,225,1528088639.25482,4169,0.010134,0.010134,0.0,0.010134,0.010134,0.010134,1,1,85,140,98.677719,0.0,0.0,0,Normal,Normal
1792762,1526981514.296189,udp,2,172,1526981519.344582,56157,5.048393,0.0,0.0,0.0,0.0,0.0,2,0,172,0,0.198083,0.198083,0.0,0,Normal,Normal
2,1526344223.197482,tcp,10,680,1526345677.143407,10,1453.945923,2.8e-05,8e-06,0.000138,2.2e-05,4.2e-05,5,5,350,330,0.00619,0.002751,0.002751,0,Normal,Normal
34846199,1528103283.610423,tcp,7,1948,1528103284.632437,10448,1.022014,1.022014,0.0,1.022014,1.022014,1.022014,4,3,618,1330,5.870761,2.93538,1.95692,1,DDoS,HTTP
34846200,1528103283.610675,tcp,7,1942,1528103284.632556,10449,1.021881,1.021881,0.0,1.021881,1.021881,1.021881,4,3,612,1330,5.871525,2.935763,1.957175,1,DDoS,HTTP
34846201,1528103283.61095,tcp,7,2012,1528103284.642415,10450,1.031465,1.031465,0.0,1.031465,1.031465,1.031465,4,3,682,1330,5.816969,2.908484,1.93899,1,DDoS,HTTP
34846202,1528103283.611301,tcp,7,2017,1528103284.632807,10451,1.021506,1.021506,0.0,1.021506,1.021506,1.021506,4,3,687,1330,5.873681,2.936841,1.957894,1,DDoS,HTTP
34846203,1528103283.611495,tcp,7,1916,1528103284.63362,10452,1.022125,1.022125,0.0,1.022125,1.022125,1.022125,4,3,586,1330,5.870123,2.935062,1.956708,1,DDoS,HTTP
34846204,1528103283.611854,tcp,7,2181,1528103284.638967,10453,1.027113,1.027113,0.0,1.027113,1.027113,1.027113,4,3,851,1330,5.841617,2.920808,1.947206,1,DDoS,HTTP
34846205,1528103283.612175,tcp,7,2102,1528103284.632682,10454,1.020507,1.020507,0.0,1.020507,1.020507,1.020507,4,3,772,1330,5.879431,2.939715,1.95981,1,DDoS,HTTP
34846206,1528103283.612427,tcp,7,2012,1528103284.632936,10455,1.020509,1.020509,0.0,1.020509,1.020509,1.020509,4,3,682,1330,5.879419,2.939709,1.959806,1,DDoS,HTTP
34846207,1528103283.61271,tcp,7,2045,1528103284.636334,10456,1.023624,1.023624,0.0,1.023624,1.023624,1.023624,4,3,715,1330,5.861527,2.930764,1.953843,1,DDoS,HTTP
34846208,1528103283.612964,tcp,7,1930,1528103284.634804,10457,1.02184,1.02184,0.0,1.02184,1.02184,1.02184,4,3,600,1330,5.871761,2.93588,1.957254,1,DDoS,HTTP
34846209,1528103283.613291,tcp,7,2099,1528103284.634244,10458,1.020953,1.020953,0.0,1.020953,1.020953,1.020953,4,3,769,1330,5.876862,2.938431,1.958954,1,DDoS,HTTP
34846210,1528103283.613535,tcp,7,1981,1528103284.63755,10459,1.024015,1.024015,0.0,1.024015,1.024015,1.024015,4,3,651,1330,5.85929,2.929645,1.953097,1,DDoS,HTTP
34846211,1528103283.613822,tcp,7,2039,1528103284.632174,10460,1.018352,1.018352,0.0,1.018352,1.018352,1.018352,4,3,709,1330,5.891872,2.945936,1.963957,1,DDoS,HTTP
34846212,1528103283.614043,tcp,7,1978,1528103284.641755,10461,1.027712,1.027712,0.0,1.027712,1.027712,1.027712,4,3,648,1330,5.838212,2.919106,1.946071,1,DDoS,HTTP
34846213,1528103283.614351,tcp,7,2020,1528103284.635902,10462,1.021551,1.021551,0.0,1.021551,1.021551,1.021551,4,3,690,1330,5.873422,2.936711,1.957807,1,DDoS,HTTP
34846214,1528103283.614595,tcp,7,1943,1528103284.633337,10463,1.018742,1.018742,0.0,1.018742,1.018742,1.018742,4,3,613,1330,5.889617,2.944808,1.963206,1,DDoS,HTTP
34846215,1528103283.614983,tcp,7,2169,1528103284.638695,10464,1.023712,1.023712,0.0,1.023712,1.023712,1.023712,4,3,839,1330,5.861023,2.930512,1.953674,1,DDoS,HTTP
34846216,1528103283.61523,tcp,7,1985,1528103284.63509,10465,1.01986,1.01986,0.0,1.01986,1.01986,1.01986,4,3,655,1330,5.88316,2.94158,1.961053,1,DDoS,HTTP
34846217,1528103283.615488,tcp,7,1937,1528103284.640425,10466,1.024937,1.024937,0.0,1.024937,1.024937,1.024937,4,3,607,1330,5.854018,2.927009,1.951339,1,DDoS,HTTP
34846218,1528103283.615695,tcp,7,1908,1528103284.639107,10467,1.023412,1.023412,0.0,1.023412,1.023412,1.023412,4,3,578,1330,5.862741,2.931371,1.954247,1,DDoS,HTTP
34846219,1528103283.616236,tcp,7,2369,1528103284.635227,10468,1.018991,1.018991,0.0,1.018991,1.018991,1.018991,4,3,1039,1330,5.888178,2.944089,1.962726,1,DDoS,HTTP
34846220,1528103283.616597,tcp,7,2163,1528103284.637682,10469,1.021085,1.021085,0.0,1.021085,1.021085,1.021085,4,3,833,1330,5.876102,2.938051,1.958701,1,DDoS,HTTP
34846221,1528103283.617133,tcp,7,2254,1528103284.641497,10470,1.024364,1.024364,0.0,1.024364,1.024364,1.024364,4,3,924,1330,5.857293,2.928647,1.952431,1,DDoS,HTTP
34846222,1528103283.617484,tcp,7,2056,1528103284.642978,10471,1.025494,1.025494,0.0,1.025494,1.025494,1.025494,4,3,726,1330,5.850839,2.925419,1.95028,1,DDoS,HTTP
34846223,1528103283.61771,tcp,7,1885,1528103284.637008,10472,1.019298,1.019298,0.0,1.019298,1.019298,1.019298,4,3,555,1330,5.886405,2.943202,1.962135,1,DDoS,HTTP
34846224,1528103283.617929,tcp,7,1958,1528103284.636589,10473,1.01866,1.01866,0.0,1.01866,1.01866,1.01866,4,3,628,1330,5.890091,2.945046,1.963364,1,DDoS,HTTP
34846225,1528103283.618371,tcp,7,2235,1528103284.63549,10474,1.017119,1.017119,0.0,1.017119,1.017119,1.017119,4,3,905,1330,5.899014,2.949507,1.966338,1,DDoS,HTTP
34846226,1528103283.618685,tcp,7,2110,1528103284.637805,10475,1.01912,1.01912,0.0,1.01912,1.01912,1.01912,4,3,780,1330,5.887433,2.943716,1.962477,1,DDoS,HTTP
34846227,1528103283.618966,tcp,7,2116,1528103284.634942,10476,1.015976,1.015976,0.0,1.015976,1.015976,1.015976,4,3,786,1330,5.905652,2.952826,1.968551,1,DDoS,HTTP
34846228,1528103283.619234,tcp,7,2016,1528103284.640939,10477,1.021705,1.021705,0.0,1.021705,1.021705,1.021705,4,3,686,1330,5.872536,2.936268,1.957512,1,DDoS,HTTP
34846229,1528103283.619522,tcp,7,1981,1528103284.637156,10478,1.017634,1.017634,0.0,1.017634,1.017634,1.017634,4,3,651,1330,5.896029,2.948014,1.965343,1,DDoS,HTTP
34846230,1528103283.619918,tcp,7,2156,1528103284.636186,10479,1.016268,1.016268,0.0,1.016268,1.016268,1.016268,4,3,826,1330,5.903955,2.951977,1.967985,1,DDoS,HTTP
34846231,1528103283.62026,tcp,7,2048,1528103284.635629,10480,1.015369,1.015369,0.0,1.015369,1.015369,1.015369,4,3,718,1330,5.909182,2.954591,1.969727,1,DDoS,HTTP
34846232,1528103283.620578,tcp,7,1942,1528103284.637931,10481,1.017353,1.017353,0.0,1.017353,1.017353,1.017353,4,3,612,1330,5.897657,2.948829,1.965886,1,DDoS,HTTP
34846233,1528103283.620927,tcp,7,2098,1528103284.63687,10482,1.015943,1.015943,0.0,1.015943,1.015943,1.015943,4,3,768,1330,5.905843,2.952921,1.968614,1,DDoS,HTTP
34846234,1528103283.621216,tcp,7,1932,1528103284.636462,10483,1.015246,1.015246,0.0,1.015246,1.015246,1.015246,4,3,602,1330,5.909897,2.954949,1.969966,1,DDoS,HTTP
34846235,1528103283.621492,tcp,7,1990,1528103284.639287,10484,1.017795,1.017795,0.0,1.017795,1.017795,1.017795,4,3,660,1330,5.895097,2.947548,1.965032,1,DDoS,HTTP
34846236,1528103283.621865,tcp,7,2030,1528103284.643004,10485,1.021139,1.021139,0.0,1.021139,1.021139,1.021139,4,3,700,1330,5.875792,2.937896,1.958597,1,DDoS,HTTP
34846237,1528103283.622424,tcp,7,2263,1528103284.637297,10486,1.014873,1.014873,0.0,1.014873,1.014873,1.014873,4,3,933,1330,5.91207,2.956035,1.97069,1,DDoS,HTTP
34846238,1528103283.622821,tcp,7,2136,1528103284.6434,10487,1.020579,1.020579,0.0,1.020579,1.020579,1.020579,4,3,806,1330,5.879016,2.939508,1.959672,1,DDoS,HTTP
34846239,1528103283.62329,tcp,7,2149,1528103284.639517,10488,1.016227,1.016227,0.0,1.016227,1.016227,1.016227,4,3,819,1330,5.904192,2.952096,1.968064,1,DDoS,HTTP
34846240,1528103283.623674,tcp,7,2113,1528103284.634388,10489,1.010714,1.010714,0.0,1.010714,1.010714,1.010714,4,3,783,1330,5.936397,2.968199,1.978799,1,DDoS,HTTP
34846241,1528103283.623981,tcp,7,2029,1528103284.633058,10490,1.009077,1.009077,0.0,1.009077,1.009077,1.009077,4,3,699,1330,5.946028,2.973014,1.982009,1,DDoS,HTTP
34846242,1528103283.624349,tcp,7,2012,1528103284.638569,10491,1.01422,1.01422,0.0,1.01422,1.01422,1.01422,4,3,682,1330,5.915876,2.957938,1.971959,1,DDoS,HTTP
34846243,1528103283.624758,tcp,7,2080,1528103284.641069,10492,1.016311,1.016311,0.0,1.016311,1.016311,1.016311,4,3,750,1330,5.903704,2.951852,1.967901,1,DDoS,HTTP
34846244,1528103283.625175,tcp,7,2050,1528103284.639392,10493,1.014217,1.014217,0.0,1.014217,1.014217,1.014217,4,3,720,1330,5.915894,2.957947,1.971965,1,DDoS,HTTP
34846245,1528103283.625481,tcp,7,1974,1528103284.63845,10494,1.012969,1.012969,0.0,1.012969,1.012969,1.012969,4,3,644,1330,5.923182,2.961591,1.974394,1,DDoS,HTTP
34846246,1528103283.625793,tcp,7,2071,1528103284.638823,10495,1.01303,1.01303,0.0,1.01303,1.01303,1.01303,4,3,741,1330,5.922825,2.961413,1.974275,1,DDoS,HTTP
34846247,1528103283.626192,tcp,7,2105,1528103284.640553,10496,1.014361,1.014361,0.0,1.014361,1.014361,1.014361,4,3,775,1330,5.915054,2.957527,1.971685,1,DDoS,HTTP
34846248,1528103283.626594,tcp,7,2072,1528103284.633496,10497,1.006902,1.006902,0.0,1.006902,1.006902,1.006902,4,3,742,1330,5.958872,2.979436,1.986291,1,DDoS,HTTP
34846249,1528103283.626921,tcp,7,2018,1528103284.634513,10498,1.007592,1.007592,0.0,1.007592,1.007592,1.007592,4,3,688,1330,5.954792,2.977396,1.984931,1,DDoS,HTTP
34846250,1528103283.627319,tcp,7,2095,1528103284.633203,10499,1.005884,1.005884,0.0,1.005884,1.005884,1.005884,4,3,765,1330,5.964902,2.982451,1.988301,1,DDoS,HTTP
34846251,1528103283.627633,tcp,7,1953,1528103284.642284,10500,1.014651,1.014651,0.0,1.014651,1.014651,1.014651,4,3,623,1330,5.913363,2.956682,1.971121,1,DDoS,HTTP
34846252,1528103283.627936,tcp,7,2029,1528103284.64325,10501,1.015314,1.015314,0.0,1.015314,1.015314,1.015314,4,3,699,1330,5.909502,2.954751,1.969834,1,DDoS,HTTP
34846253,1528103283.628229,tcp,7,1981,1528103284.632307,10502,1.004078,1.004078,0.0,1.004078,1.004078,1.004078,4,3,651,1330,5.975631,2.987816,1.991877,1,DDoS,HTTP
34846254,1528103283.628511,tcp,7,1901,1528103284.633745,10503,1.005234,1.005234,0.0,1.005234,1.005234,1.005234,4,3,571,1330,5.96876,2.98438,1.989586,1,DDoS,HTTP
34846255,1528103283.62886,tcp,7,2003,1528103284.640341,10504,1.011481,1.011481,0.0,1.011481,1.011481,1.011481,4,3,673,1330,5.931896,2.965948,1.977298,1,DDoS,HTTP
34846256,1528103283.629131,tcp,7,2007,1528103284.635357,10505,1.006226,1.006226,0.0,1.006226,1.006226,1.006226,4,3,677,1330,5.962875,2.981438,1.987625,1,DDoS,HTTP
34846257,1528103283.629382,tcp,7,2021,1528103284.634644,10506,1.005262,1.005262,0.0,1.005262,1.005262,1.005262,4,3,691,1330,5.968593,2.984297,1.989531,1,DDoS,HTTP
34846258,1528103283.629583,tcp,7,1941,1528103284.636051,10507,1.006468,1.006468,0.0,1.006468,1.006468,1.006468,4,3,611,1330,5.961441,2.980721,1.987147,1,DDoS,HTTP
34846259,1528103283.629772,tcp,7,1936,1528103284.635777,10508,1.006005,1.006005,0.0,1.006005,1.006005,1.006005,4,3,606,1330,5.964185,2.982092,1.988062,1,DDoS,HTTP
34846260,1528103283.629976,tcp,7,1914,1528103284.63978,10509,1.009804,1.009804,0.0,1.009804,1.009804,1.009804,4,3,584,1330,5.941747,2.970874,1.980582,1,DDoS,HTTP
34846261,1528103283.630262,tcp,7,2037,1528103284.643525,10510,1.013263,1.013263,0.0,1.013263,1.013263,1.013263,4,3,707,1330,5.921463,2.960732,1.973821,1,DDoS,HTTP
34846262,1528103283.63058,tcp,7,2106,1528103284.639648,10511,1.009068,1.009068,0.0,1.009068,1.009068,1.009068,4,3,776,1330,5.946081,2.97304,1.982027,1,DDoS,HTTP
34846263,1528103283.630977,tcp,7,2285,1528103284.641628,10512,1.010651,1.010651,0.0,1.010651,1.010651,1.010651,4,3,955,1330,5.936768,2.968384,1.978922,1,DDoS,HTTP
34846264,1528103283.631349,tcp,7,2144,1528103284.641347,10513,1.009998,1.009998,0.0,1.009998,1.009998,1.009998,4,3,814,1330,5.940606,2.970303,1.980202,1,DDoS,HTTP
34846265,1528103283.631564,tcp,7,1916,1528103284.638066,10514,1.006502,1.006502,0.0,1.006502,1.006502,1.006502,4,3,586,1330,5.96124,2.98062,1.98708,1,DDoS,HTTP
34846266,1528103283.631841,tcp,7,2090,1528103284.636736,10515,1.004895,1.004895,0.0,1.004895,1.004895,1.004895,4,3,760,1330,5.970773,2.985387,1.990258,1,DDoS,HTTP
34846267,1528103283.632344,tcp,7,2298,1528103284.641896,10516,1.009552,1.009552,0.0,1.009552,1.009552,1.009552,4,3,968,1330,5.94323,2.971615,1.981077,1,DDoS,HTTP
34846268,1528103283.632563,tcp,7,1925,1528103284.642538,10517,1.009975,1.009975,0.0,1.009975,1.009975,1.009975,4,3,595,1330,5.940742,2.970371,1.980247,1,DDoS,HTTP
34846269,1528103283.632775,tcp,7,1890,1528103284.642689,10518,1.009914,1.009914,0.0,1.009914,1.009914,1.009914,4,3,560,1330,5.9411,2.97055,1.980367,1,DDoS,HTTP
34846270,1528103283.633063,tcp,7,2098,1528103284.642026,10519,1.008963,1.008963,0.0,1.008963,1.008963,1.008963,4,3,768,1330,5.9467,2.97335,1.982233,1,DDoS,HTTP
34846271,1528103283.633469,tcp,7,2241,1528103284.640804,10520,1.007335,1.007335,0.0,1.007335,1.007335,1.007335,4,3,911,1330,5.956311,2.978155,1.985437,1,DDoS,HTTP
34846272,1528103283.633784,tcp,7,2072,1528103284.643122,10521,1.009338,1.009338,0.0,1.009338,1.009338,1.009338,4,3,742,1330,5.94449,2.972245,1.981497,1,DDoS,HTTP
34846273,1528103283.634101,tcp,7,2006,1528103284.639907,10522,1.005806,1.005806,0.0,1.005806,1.005806,1.005806,4,3,676,1330,5.965365,2.982683,1.988455,1,DDoS,HTTP
34846274,1528103283.634402,tcp,7,2043,1528103284.640677,10523,1.006275,1.006275,0.0,1.006275,1.006275,1.006275,4,3,713,1330,5.962584,2.981292,1.987528,1,DDoS,HTTP
34846275,1528103283.634738,tcp,7,2022,1528103284.640167,10524,1.005429,1.005429,0.0,1.005429,1.005429,1.005429,4,3,692,1330,5.967602,2.983801,1.989201,1,DDoS,HTTP
34846276,1528103283.635034,tcp,7,1959,1528103284.628525,10525,0.993491,0.993491,0.0,0.993491,0.993491,0.993491,4,3,629,1330,6.03931,3.019655,2.013103,1,DDoS,HTTP
34846277,1528103283.635398,tcp,7,2073,1528103284.628662,10526,0.993264,0.993264,0.0,0.993264,0.993264,0.993264,4,3,743,1330,6.04069,3.020345,2.013563,1,DDoS,HTTP
34846278,1528103283.635582,tcp,7,1846,1528103284.628788,10527,0.993206,0.993206,0.0,0.993206,0.993206,0.993206,4,3,516,1330,6.041043,3.020521,2.013681,1,DDoS,HTTP
